{
    "VAT-PCS":  0,
    "tatal Amt":  36913.638125443555,
    "SUBTOTAL-PCS":  4.3049229569892473,
    "AMount per sheet":  5.9037096774193554,
    "print Size (H)":  15.75,
    "PASTING AMT":  840,
    "packing":  826.51935483870989,
    "rate -pcs":  4.9218184167258077,
    "PASTING-PCS":  0.112,
    "EXTRA":  9000,
    "ups- sheet":  4,
    "Aqua RT":  0.002,
    "Date":  null,
    "Product":  null,
    "customer":  null,
    "PLATE RatE":  300,
    "INTEREST-PCS":  0.12914768870967744,
    "SUB TOTAL":  32286.922177419357,
    "INTEREST":  3,
    "punch -pcs":  0.46666666666666667,
    "Size (W)":  20.75,
    "Rate  - KG":  80,
    "printing ups":  1,
    "PAPER Wt":  154.97237903225809,
    "colour":  4,
    "EXTRA-PCS":  1.2,
    "punching Rt":  400,
    "Qty":  7500,
    "PROFIT-PCS":  0.48774777102688177,
    "profit":  3658.1082827016135,
    "PASTING RATE":  100,
    "PUNCHING aMT":  840,
    "vat Amt":  0,
    "printing rate":  250,
    "PACKING -PCS":  0.11020258064516132,
    "category":  null,
    "paper-pcs":  1.6530387096774195,
    "PLATE amT":  1200,
    "size (H)":  15.75,
    "Paper Cost":  12397.790322580646,
    "PLATE-PCS":  0.16,
    "printing-pcs":  0.28,
    "ID":  1197,
    "printing QTY":  2100,
    "Print Size (W)":  20.75,
    "PUNCHING-PCS":  0.112,
    "paper Order":  2100,
    "Aqua Amt":  1372.6125,
    "interest amt":  968.60766532258071,
    "PUNCH":  3500,
    "paper qty":  1875,
    "COATING-PCS":  0.18301499999999998,
    "FOIL AMT":  210,
    "Gsm":  350,
    "foil":  0.1,
    "Vat":  0,
    "Printing Amt":  2100,
    "FOIL-PCS":  0.028
}
