{
    "VAT-PCS":  0,
    "tatal Amt":  16237.939354838709,
    "SUBTOTAL-PCS":  0.75483870967741939,
    "AMount per sheet":  0.76645161290322583,
    "print Size (H)":  0,
    "PASTING AMT":  0,
    "packing":  309.67741935483878,
    "rate -pcs":  0.85462838709677413,
    "PASTING-PCS":  0,
    "EXTRA":  5200,
    "ups- sheet":  4,
    "Aqua RT":  0,
    "Date":  null,
    "Product":  null,
    "customer":  null,
    "PLATE RatE":  300,
    "INTEREST-PCS":  0.015096774193548386,
    "SUB TOTAL":  14341.935483870968,
    "INTEREST":  2,
    "punch -pcs":  0.078947368421052627,
    "Size (W)":  20,
    "Rate  - KG":  66,
    "printing ups":  2,
    "PAPER Wt":  58.064516129032263,
    "colour":  1,
    "EXTRA-PCS":  0.27368421052631581,
    "punching Rt":  0,
    "Qty":  19000,
    "PROFIT-PCS":  0.084692903225806443,
    "profit":  1609.1651612903224,
    "PASTING RATE":  0,
    "PUNCHING aMT":  0,
    "vat Amt":  0,
    "printing rate":  250,
    "PACKING -PCS":  0.016298811544991514,
    "category":  null,
    "paper-pcs":  0.20169779286926995,
    "PLATE amT":  300,
    "size (H)":  15,
    "Paper Cost":  3832.2580645161293,
    "PLATE-PCS":  0.015789473684210527,
    "printing-pcs":  0.13157894736842105,
    "ID":  1199,
    "printing QTY":  10000,
    "Print Size (W)":  0,
    "PUNCHING-PCS":  0,
    "paper Order":  5000,
    "Aqua Amt":  0,
    "interest amt":  286.83870967741933,
    "PUNCH":  1500,
    "paper qty":  4750,
    "COATING-PCS":  0,
    "FOIL AMT":  700.00000000000011,
    "Gsm":  60,
    "foil":  0.07,
    "Vat":  0,
    "Printing Amt":  2500,
    "FOIL-PCS":  0.0368421052631579
}
