{
    "VAT-PCS":  0.1166873732718894,
    "tatal Amt":  23573.183148387092,
    "SUBTOTAL-PCS":  2.9171843317972348,
    "AMount per sheet":  6.3638709677419358,
    "print Size (H)":  18,
    "PASTING AMT":  528,
    "packing":  545.03225806451621,
    "rate -pcs":  3.3675975926267272,
    "PASTING-PCS":  0.075428571428571428,
    "EXTRA":  2969,
    "ups- sheet":  8,
    "Aqua RT":  0.0028,
    "Date":  null,
    "Product":  null,
    "customer":  null,
    "PLATE RatE":  300,
    "INTEREST-PCS":  0,
    "SUB TOTAL":  20420.290322580644,
    "INTEREST":  0,
    "punch -pcs":  0.5,
    "Size (W)":  25,
    "Rate  - KG":  68.5,
    "printing ups":  1,
    "PAPER Wt":  102.19354838709678,
    "colour":  5,
    "EXTRA-PCS":  0.42414285714285715,
    "punching Rt":  350,
    "Qty":  7000,
    "PROFIT-PCS":  0.33372588755760368,
    "profit":  2336.0812129032256,
    "PASTING RATE":  60,
    "PUNCHING aMT":  385,
    "vat Amt":  816.81161290322575,
    "printing rate":  364,
    "PACKING -PCS":  0.077861751152073749,
    "category":  null,
    "paper-pcs":  1.000036866359447,
    "PLATE amT":  1500,
    "size (H)":  18,
    "Paper Cost":  7000.25806451613,
    "PLATE-PCS":  0.21428571428571427,
    "printing-pcs":  0.286,
    "ID":  51,
    "printing QTY":  1100,
    "Print Size (W)":  25,
    "PUNCHING-PCS":  0.055,
    "paper Order":  1100,
    "Aqua Amt":  1386,
    "interest amt":  0,
    "PUNCH":  3500,
    "paper qty":  875,
    "COATING-PCS":  0.198,
    "FOIL AMT":  605,
    "Gsm":  320,
    "foil":  0.55,
    "Vat":  4,
    "Printing Amt":  2002,
    "FOIL-PCS":  0.086428571428571424
}
